Supplier name,Total_Orders,On_Time_Orders,On_Time_Percent,Avg_Delay,Total_Cost
Supplier 1,27,24,88.89,-10.703703703703704,15520.980745467823
Supplier 2,22,19,86.36,-10.727272727272727,11330.599297914963
Supplier 3,15,11,73.33,-9.133333333333333,7032.001523022524
Supplier 4,18,16,88.89,-11.444444444444445,9392.587517311269
Supplier 5,18,13,72.22,-8.5,9648.409132097531
